[{"model": "products.category", "pk": 2, "fields": {"name": "sweets", "friendly_name": "Sweets"}}, {"model": "products.category", "pk": 3, "fields": {"name": "chocolate", "friendly_name": "Chocolate"}}, {"model": "products.product", "pk": 5, "fields": {"category": 2, "name": "Apple Belts", "description": "", "price": "1.00", "color": "Green", "flavour": "Apple", "brand": "Vidal", "vegetarian": true, "rating": "4.00", "image": "Apple_Belts_V.webp"}}, {"model": "products.product", "pk": 6, "fields": {"category": 2, "name": "Apple Bonbons", "description": "", "price": "1.00", "color": "Green", "flavour": "Apple", "brand": "Kingsway", "vegetarian": true, "rating": "4.00", "image": "Apple_Bonbons_V.webp"}}, {"model": "products.product", "pk": 7, "fields": {"category": 2, "name": "Black & Red Berries", "description": "", "price": "1.00", "color": "Black, Red", "flavour": null, "brand": "Vidal", "vegetarian": false, "rating": "4.00", "image": "Back__Red_Berries.webp"}}, {"model": "products.product", "pk": 8, "fields": {"category": 2, "name": "Black Jacks", "description": "", "price": "1.00", "color": "Black", "flavour": null, "brand": "Barratt", "vegetarian": true, "rating": "4.00", "image": "Black_Jacks_V.webp"}}, {"model": "products.product", "pk": 9, "fields": {"category": 2, "name": "Blue Jelly Babies", "description": "", "price": "1.00", "color": "Blue", "flavour": null, "brand": "Kingsway", "vegetarian": false, "rating": "1.00", "image": "Blue_Jelly_Babies.webp"}}, {"model": "products.product", "pk": 10, "fields": {"category": 2, "name": "Bubblegum Bonbons", "description": "", "price": "1.00", "color": "Blue, Pink", "flavour": "Bubblegum", "brand": "Kingsway", "vegetarian": false, "rating": "4.00", "image": "Bubblegum_Bonbons.webp"}}, {"model": "products.product", "pk": 11, "fields": {"category": 2, "name": "Bubblegum Bottles", "description": "", "price": "1.00", "color": "Blue, Pink", "flavour": "Bubblegum", "brand": "Kingsway", "vegetarian": false, "rating": "5.00", "image": "Bubblegum_Bottles.webp"}}, {"model": "products.product", "pk": 12, "fields": {"category": 2, "name": "Bubblegum Mushrooms", "description": "", "price": "1.00", "color": "Blue", "flavour": "Bubblgum", "brand": "Barratts", "vegetarian": false, "rating": "3.00", "image": "Bubblegum_Mushrooms.webp"}}, {"model": "products.product", "pk": 13, "fields": {"category": 2, "name": "Bubs Banana & Caramel", "description": "", "price": "1.00", "color": "Yellow", "flavour": "Banana", "brand": "Bubs", "vegetarian": true, "rating": "2.00", "image": "Bubs_Banana__Caramel_V.webp"}}, {"model": "products.product", "pk": 14, "fields": {"category": 2, "name": "Bubs Blue & Pink Ovals", "description": "", "price": "1.00", "color": "Blue, Pink", "flavour": null, "brand": "Bubs", "vegetarian": true, "rating": "3.00", "image": "Bubs_Blue__Pink_Ovals_V.webp"}}, {"model": "products.product", "pk": 15, "fields": {"category": 2, "name": "Bubs Cola Skulls", "description": "", "price": "1.00", "color": "Brown", "flavour": "Cola", "brand": "Bubs", "vegetarian": true, "rating": "3.00", "image": "Bubs_Cola_Skulls_V.webp"}}, {"model": "products.product", "pk": 16, "fields": {"category": 2, "name": "Bubs Super Sour Skulls", "description": "", "price": "1.00", "color": "Red, Yellow", "flavour": null, "brand": "Bubs", "vegetarian": false, "rating": "4.00", "image": "Bubs_Super_Sour_Skulls.webp"}}, {"model": "products.product", "pk": 17, "fields": {"category": 2, "name": "Butterscotch Candies", "description": "", "price": "1.00", "color": "Orange", "flavour": "Butterscotch", "brand": null, "vegetarian": false, "rating": "2.00", "image": "Butterscotch_Candies.webp"}}, {"model": "products.product", "pk": 18, "fields": {"category": 2, "name": "Candy Cones", "description": "", "price": "1.00", "color": "Yellow", "flavour": null, "brand": "Kingsway", "vegetarian": false, "rating": "3.00", "image": "Candy_Cones.webp"}}, {"model": "products.product", "pk": 19, "fields": {"category": 2, "name": "Candy Necklace", "description": "", "price": "1.00", "color": "Assorted", "flavour": null, "brand": null, "vegetarian": true, "rating": "3.00", "image": "Candy_Necklaces_V.webp"}}, {"model": "products.product", "pk": 20, "fields": {"category": 2, "name": "Candy Sticks", "description": "", "price": "1.00", "color": "Yellow", "flavour": null, "brand": null, "vegetarian": false, "rating": "3.00", "image": "Candy_Sticks.webp"}}, {"model": "products.product", "pk": 21, "fields": {"category": 2, "name": "Cherry Wheels", "description": "", "price": "1.00", "color": "Red", "flavour": "Cherry", "brand": null, "vegetarian": false, "rating": "4.00", "image": "Cherry_Wheels.webp"}}, {"model": "products.product", "pk": 22, "fields": {"category": 3, "name": "Chocolate Beans", "description": "", "price": "1.00", "color": "Brown", "flavour": "Chocolate", "brand": null, "vegetarian": false, "rating": "4.00", "image": "Chocolate_Beans.webp"}}, {"model": "products.product", "pk": 23, "fields": {"category": 3, "name": "Chocolate Cups", "description": "", "price": "1.00", "color": "Brown", "flavour": "Chocolate", "brand": null, "vegetarian": true, "rating": "4.00", "image": "Chocolate_Cups_V.webp"}}, {"model": "products.product", "pk": 24, "fields": {"category": 3, "name": "Chocolate Fruits", "description": "", "price": "1.00", "color": "Brown", "flavour": "Chocolate", "brand": null, "vegetarian": false, "rating": "3.00", "image": "Chocolate_Fruits.webp"}}, {"model": "products.product", "pk": 25, "fields": {"category": 3, "name": "Chocolate Honeycomb", "description": "", "price": "1.00", "color": "Brown", "flavour": "Chocolate", "brand": null, "vegetarian": false, "rating": "2.00", "image": "Chocolate_Honeycombe.webp"}}, {"model": "products.product", "pk": 26, "fields": {"category": 3, "name": "Chocolate Jazzies", "description": "", "price": "1.00", "color": "Brown", "flavour": "Chocolate", "brand": null, "vegetarian": false, "rating": "3.00", "image": "Chocolate_Jazzies.webp"}}, {"model": "products.product", "pk": 27, "fields": {"category": 3, "name": "Chocolate Limes", "description": "", "price": "1.00", "color": "Brown", "flavour": "Chocolate", "brand": null, "vegetarian": false, "rating": "3.00", "image": "Chocolate_Limes.webp"}}, {"model": "products.product", "pk": 28, "fields": {"category": 3, "name": "Chocolate Nibbles", "description": "", "price": "1.00", "color": "Brown", "flavour": "Chocolate", "brand": null, "vegetarian": false, "rating": "2.00", "image": "Chocolate_Nibbles.webp"}}, {"model": "products.product", "pk": 29, "fields": {"category": 3, "name": "Chocolate Rasins", "description": "", "price": "1.00", "color": "Brown", "flavour": "Chocolate", "brand": null, "vegetarian": false, "rating": "1.00", "image": "Chocolate_Raisins.webp"}}, {"model": "products.product", "pk": 30, "fields": {"category": 3, "name": "Chocolate Skulls", "description": "", "price": "1.00", "color": "Pink", "flavour": "Chocolate", "brand": null, "vegetarian": false, "rating": "2.00", "image": "Chocolate_Skulls.webp"}}, {"model": "products.product", "pk": 31, "fields": {"category": 3, "name": "Chocolate Sports Mix", "description": "", "price": "1.00", "color": "Brown", "flavour": "Chocolate", "brand": null, "vegetarian": false, "rating": "2.00", "image": "Chocolate_Sports_Mix.webp"}}, {"model": "products.product", "pk": 32, "fields": {"category": 2, "name": "Coconut Mushrooms", "description": "", "price": "1.00", "color": null, "flavour": "Coconut", "brand": null, "vegetarian": false, "rating": "2.00", "image": "Coconut_Mushrooms.webp"}}, {"model": "products.product", "pk": 33, "fields": {"category": 2, "name": "Cola Bottles", "description": "", "price": "1.00", "color": "Brown", "flavour": "Cola", "brand": null, "vegetarian": false, "rating": "3.00", "image": "Cola_Bottles.webp"}}, {"model": "products.product", "pk": 34, "fields": {"category": 2, "name": "Dolly Mixture", "description": "", "price": "1.00", "color": null, "flavour": null, "brand": null, "vegetarian": false, "rating": "2.00", "image": "Dolly_Mixture.webp"}}, {"model": "products.product", "pk": 35, "fields": {"category": 2, "name": "English Toffee", "description": "", "price": "1.00", "color": "Brown", "flavour": "Toffee", "brand": null, "vegetarian": false, "rating": "2.00", "image": "English_Toffees.webp"}}, {"model": "products.product", "pk": 36, "fields": {"category": 2, "name": "Fangs", "description": "", "price": "1.00", "color": "Red", "flavour": null, "brand": null, "vegetarian": true, "rating": "1.00", "image": "Fangs_V.webp"}}, {"model": "products.product", "pk": 37, "fields": {"category": 2, "name": "Fizzy Bubblegum Balls", "description": "", "price": "1.00", "color": "Blue, Red", "flavour": "Bubblegum", "brand": null, "vegetarian": false, "rating": "4.00", "image": "Fizzy_Bubblegum_Balls.webp"}}, {"model": "products.product", "pk": 38, "fields": {"category": 2, "name": "Fizzy Cherry Cola Bottles", "description": "", "price": "1.00", "color": "Red, Brown", "flavour": "Cherry, Cola", "brand": null, "vegetarian": true, "rating": "3.00", "image": "Fizzy_Cherry_Cola_Bottles_V.webp"}}, {"model": "products.product", "pk": 39, "fields": {"category": 2, "name": "Fizzy Chips", "description": "", "price": "1.00", "color": null, "flavour": null, "brand": null, "vegetarian": false, "rating": "3.00", "image": "Fizzy_Chips.webp"}}, {"model": "products.product", "pk": 40, "fields": {"category": 2, "name": "Fizzy Cola Bottles", "description": "", "price": "1.00", "color": "Brown", "flavour": "Cola", "brand": null, "vegetarian": true, "rating": "3.00", "image": "Fizzy_Cola_Bottles_V.webp"}}, {"model": "products.product", "pk": 41, "fields": {"category": 2, "name": "Fizzy Fangs", "description": "", "price": "1.00", "color": "Red", "flavour": null, "brand": null, "vegetarian": true, "rating": "5.00", "image": "Fizzy_Fangs_V.webp"}}, {"model": "products.product", "pk": 42, "fields": {"category": 2, "name": "Fizzy Peaches", "description": "", "price": "1.00", "color": null, "flavour": "Peach", "brand": null, "vegetarian": false, "rating": "4.00", "image": "Fizzy_Peaches.webp"}}, {"model": "products.product", "pk": 43, "fields": {"category": 2, "name": "Fizzy Rainbow Bricks", "description": "", "price": "1.00", "color": null, "flavour": null, "brand": null, "vegetarian": false, "rating": "3.00", "image": "Fizzy_Rainbow_Bricks.webp"}}, {"model": "products.product", "pk": 44, "fields": {"category": 2, "name": "Fizzy Raspberry Rockets", "description": "", "price": "1.00", "color": "Blue", "flavour": "Raspberry", "brand": null, "vegetarian": false, "rating": "4.00", "image": "Fizzy_Raspberry_Rockets.webp"}}, {"model": "products.product", "pk": 45, "fields": {"category": 2, "name": "Fizzy Snakes", "description": "", "price": "1.00", "color": null, "flavour": null, "brand": null, "vegetarian": false, "rating": "1.00", "image": "Fizzy_Snakes.webp"}}, {"model": "products.product", "pk": 46, "fields": {"category": 2, "name": "Fizzy Strawberries", "description": "", "price": "1.00", "color": "Red", "flavour": "Strawberry", "brand": null, "vegetarian": true, "rating": "4.00", "image": "Fizzy_Strawberries_V.webp"}}, {"model": "products.product", "pk": 47, "fields": {"category": 2, "name": "Fizzy Twin Cherries", "description": "", "price": "1.00", "color": null, "flavour": "Cherry", "brand": null, "vegetarian": true, "rating": "5.00", "image": "Fizzy_Twin_Cherries_V.webp"}}, {"model": "products.product", "pk": 48, "fields": {"category": 2, "name": "Fizzy Watermelons", "description": "", "price": "1.00", "color": null, "flavour": "Watermelon", "brand": null, "vegetarian": false, "rating": "5.00", "image": "Fizzy_Watermelons.webp"}}, {"model": "products.product", "pk": 49, "fields": {"category": 2, "name": "Foam Bananas", "description": "", "price": "1.00", "color": "Yellow", "flavour": "Banana", "brand": null, "vegetarian": false, "rating": "4.00", "image": "Foam_Bananas.webp"}}, {"model": "products.product", "pk": 50, "fields": {"category": 2, "name": "Foam Shrimps", "description": "", "price": "1.00", "color": "Pink", "flavour": null, "brand": null, "vegetarian": false, "rating": "4.00", "image": "Foam_Shrimp.webp"}}, {"model": "products.product", "pk": 51, "fields": {"category": 2, "name": "Fried Eggs", "description": "", "price": "1.00", "color": "White", "flavour": null, "brand": "Haribo", "vegetarian": false, "rating": "1.00", "image": "Fried_Eggs.webp"}}, {"model": "products.product", "pk": 52, "fields": {"category": 2, "name": "Fruit Caramels", "description": "", "price": "1.00", "color": null, "flavour": null, "brand": null, "vegetarian": false, "rating": "1.00", "image": "Fruit_Caramels.webp"}}, {"model": "products.product", "pk": 53, "fields": {"category": 2, "name": "Fruit Pastilles", "description": "", "price": "1.00", "color": null, "flavour": null, "brand": null, "vegetarian": false, "rating": "5.00", "image": "Fruit_Pastilles.webp"}}, {"model": "products.product", "pk": 54, "fields": {"category": 2, "name": "Fruit Salads", "description": "", "price": "1.00", "color": null, "flavour": null, "brand": null, "vegetarian": true, "rating": "3.00", "image": "Fruit_Salads_V.webp"}}, {"model": "products.product", "pk": 55, "fields": {"category": 2, "name": "Giant Cola Bottles", "description": "", "price": "1.00", "color": "Brown", "flavour": "Cola", "brand": null, "vegetarian": false, "rating": "3.00", "image": "Giant_Cola_Bottles.webp"}}, {"model": "products.product", "pk": 56, "fields": {"category": 2, "name": "Giant Strawberries", "description": "", "price": "1.00", "color": "Red", "flavour": "Strawberry", "brand": null, "vegetarian": false, "rating": "5.00", "image": "Giant_Strawberries.webp"}}, {"model": "products.product", "pk": 57, "fields": {"category": 2, "name": "Green Mallows", "description": "", "price": "1.00", "color": "Green", "flavour": null, "brand": null, "vegetarian": false, "rating": "3.00", "image": "Green_Mallows.webp"}}, {"model": "products.product", "pk": 58, "fields": {"category": 2, "name": "Gummy Bears", "description": "", "price": "1.00", "color": null, "flavour": null, "brand": null, "vegetarian": false, "rating": "4.00", "image": "Gummy_Bears.webp"}}, {"model": "products.product", "pk": 59, "fields": {"category": 2, "name": "Gummy Pigs", "description": "", "price": "1.00", "color": "Pink", "flavour": null, "brand": null, "vegetarian": false, "rating": "4.00", "image": "Gummy_Pigs.webp"}}, {"model": "products.product", "pk": 60, "fields": {"category": 2, "name": "Gummy Rings", "description": "", "price": "1.00", "color": null, "flavour": null, "brand": null, "vegetarian": false, "rating": "3.00", "image": "Gummy_Rings.webp"}}, {"model": "products.product", "pk": 61, "fields": {"category": 2, "name": "Gummy Teeth", "description": "", "price": "1.00", "color": "Pink", "flavour": null, "brand": null, "vegetarian": false, "rating": "3.00", "image": "Gummy_Teeth.webp"}}, {"model": "products.product", "pk": 62, "fields": {"category": 2, "name": "Jelly Babies", "description": "", "price": "1.00", "color": null, "flavour": null, "brand": null, "vegetarian": false, "rating": "3.00", "image": "Jelly_Babies.webp"}}, {"model": "products.product", "pk": 63, "fields": {"category": 2, "name": "Jelly Beans", "description": "", "price": "1.00", "color": null, "flavour": null, "brand": null, "vegetarian": false, "rating": "3.00", "image": "Jelly_Beans.webp"}}, {"model": "products.product", "pk": 64, "fields": {"category": 2, "name": "Jelly Bones", "description": "", "price": "1.00", "color": "Red", "flavour": null, "brand": null, "vegetarian": false, "rating": "3.00", "image": "Jelly_Bones.webp"}}, {"model": "products.product", "pk": 65, "fields": {"category": 2, "name": "Jelly Dolphins", "description": "", "price": "1.00", "color": "Blue", "flavour": null, "brand": null, "vegetarian": false, "rating": "2.00", "image": "Jelly_Dolphins.webp"}}, {"model": "products.product", "pk": 66, "fields": {"category": 2, "name": "Jelly Sharks", "description": "", "price": "1.00", "color": null, "flavour": null, "brand": null, "vegetarian": false, "rating": "4.00", "image": "Jelly_Sharks.webp"}}, {"model": "products.product", "pk": 67, "fields": {"category": 2, "name": "Jelly Skulls", "description": "", "price": "1.00", "color": "Pink", "flavour": null, "brand": null, "vegetarian": false, "rating": "3.00", "image": "Jelly_Skulls.webp"}}, {"model": "products.product", "pk": 68, "fields": {"category": 2, "name": "Jelly Snakes", "description": "", "price": "1.00", "color": null, "flavour": null, "brand": null, "vegetarian": false, "rating": "3.00", "image": "Jelly_Snakes.webp"}}, {"model": "products.product", "pk": 69, "fields": {"category": 2, "name": "Jelly Spogs", "description": "", "price": "1.00", "color": null, "flavour": null, "brand": null, "vegetarian": false, "rating": "3.00", "image": "Jelly_Spogs.webp"}}, {"model": "products.product", "pk": 70, "fields": {"category": 2, "name": "Kola Cubes", "description": "", "price": "1.00", "color": null, "flavour": null, "brand": null, "vegetarian": false, "rating": "3.00", "image": "Kola_Cubes.webp"}}, {"model": "products.product", "pk": 71, "fields": {"category": 2, "name": "Lemon Bonbons", "description": "", "price": "1.00", "color": "Yellow", "flavour": "Lemon", "brand": null, "vegetarian": false, "rating": "1.00", "image": "Lemon_Bonbons.webp"}}, {"model": "products.product", "pk": 72, "fields": {"category": 2, "name": "Lions Midget Gems", "description": "", "price": "1.00", "color": null, "flavour": null, "brand": null, "vegetarian": false, "rating": "3.00", "image": "Lions_Midget_Gems.webp"}}, {"model": "products.product", "pk": 73, "fields": {"category": 2, "name": "Liquorice & Blackcurrant", "description": "", "price": "1.00", "color": "Purple", "flavour": "Blackcurrant", "brand": null, "vegetarian": false, "rating": "1.00", "image": "Liquorice__Blackcurrant.webp"}}, {"model": "products.product", "pk": 74, "fields": {"category": 2, "name": "Liquorice", "description": "", "price": "1.00", "color": null, "flavour": null, "brand": null, "vegetarian": false, "rating": "3.00", "image": "Liquorice_Allsorts.webp"}}, {"model": "products.product", "pk": 75, "fields": {"category": 2, "name": "Liquorice Comfits", "description": "", "price": "1.00", "color": null, "flavour": null, "brand": null, "vegetarian": false, "rating": "3.00", "image": "Liquorice_Comfits.webp"}}, {"model": "products.product", "pk": 76, "fields": {"category": 2, "name": "Liquorice Cream Rock", "description": "", "price": "1.00", "color": "Black", "flavour": null, "brand": null, "vegetarian": false, "rating": "3.00", "image": "Liquorice_Cream_Rock.webp"}}, {"model": "products.product", "pk": 77, "fields": {"category": 2, "name": "Liquorice Satines", "description": "", "price": "1.00", "color": null, "flavour": null, "brand": null, "vegetarian": false, "rating": "3.00", "image": "Liquorice_Satines.webp"}}, {"model": "products.product", "pk": 78, "fields": {"category": 2, "name": "Love Hearts", "description": "", "price": "1.00", "color": "Red", "flavour": "Strawberry", "brand": "Haribo", "vegetarian": false, "rating": "3.00", "image": "Love_Hearts.webp"}}, {"model": "products.product", "pk": 79, "fields": {"category": 2, "name": "Meerkats", "description": "", "price": "1.00", "color": null, "flavour": null, "brand": null, "vegetarian": true, "rating": "3.00", "image": "Meerkats_V.webp"}}, {"model": "products.product", "pk": 80, "fields": {"category": 2, "name": "Mermaids", "description": "", "price": "1.00", "color": "Blue, Pink", "flavour": null, "brand": null, "vegetarian": true, "rating": "3.00", "image": "Mermaids_V.webp"}}, {"model": "products.product", "pk": 81, "fields": {"category": 2, "name": "Milkshake Bottles", "description": "", "price": "1.00", "color": "White, Pink", "flavour": null, "brand": null, "vegetarian": false, "rating": "3.00", "image": "Milkshake_Bottles.webp"}}, {"model": "products.product", "pk": 82, "fields": {"category": 3, "name": "Mini Eggs", "description": "", "price": "1.00", "color": null, "flavour": "Chocolate", "brand": null, "vegetarian": true, "rating": "3.00", "image": "Mini_Eggs_V.webp"}}, {"model": "products.product", "pk": 83, "fields": {"category": 2, "name": "Mini Jelly Babies", "description": "", "price": "1.00", "color": null, "flavour": null, "brand": null, "vegetarian": false, "rating": "1.00", "image": "Mini_Jelly_Babies.webp"}}, {"model": "products.product", "pk": 84, "fields": {"category": 2, "name": "Mint Humbugs", "description": "", "price": "1.00", "color": null, "flavour": "Mint", "brand": null, "vegetarian": false, "rating": "1.00", "image": "Mint_Humbugs.webp"}}, {"model": "products.product", "pk": 85, "fields": {"category": 2, "name": "Pear Drops", "description": "", "price": "1.00", "color": "Yellow, Red", "flavour": null, "brand": null, "vegetarian": false, "rating": "2.00", "image": "Pear_Drops.webp"}}, {"model": "products.product", "pk": 86, "fields": {"category": 3, "name": "Pink Chocolate Pigs", "description": "", "price": "1.00", "color": "Pink", "flavour": "Chocolate", "brand": null, "vegetarian": false, "rating": "3.00", "image": "Pink_Chocolate_Pigs.webp"}}, {"model": "products.product", "pk": 87, "fields": {"category": 2, "name": "Pink Mushrooms", "description": "", "price": "1.00", "color": "Pink", "flavour": null, "brand": null, "vegetarian": false, "rating": "4.00", "image": "Pink_Mushrooms.webp"}}, {"model": "products.product", "pk": 88, "fields": {"category": 2, "name": "Pint Pots", "description": "", "price": "1.00", "color": null, "flavour": null, "brand": null, "vegetarian": false, "rating": "4.00", "image": "Pint_Pots.webp"}}, {"model": "products.product", "pk": 89, "fields": {"category": 2, "name": "Pontefract Cakes", "description": "", "price": "1.00", "color": "Black", "flavour": null, "brand": null, "vegetarian": false, "rating": "3.00", "image": "Pontefract_Cakes.webp"}}, {"model": "products.product", "pk": 90, "fields": {"category": 2, "name": "Powdered Teeth", "description": "", "price": "1.00", "color": null, "flavour": null, "brand": null, "vegetarian": false, "rating": "3.00", "image": "Powdered_Teeth.webp"}}, {"model": "products.product", "pk": 91, "fields": {"category": 2, "name": "Psycho Mice", "description": "", "price": "1.00", "color": null, "flavour": null, "brand": null, "vegetarian": false, "rating": "2.00", "image": "Psycho_Mice.webp"}}, {"model": "products.product", "pk": 92, "fields": {"category": 2, "name": "Rainbow Belts", "description": "", "price": "1.00", "color": null, "flavour": null, "brand": null, "vegetarian": false, "rating": "4.00", "image": "Psycho_Mice_e366ZNz.webp"}}, {"model": "products.product", "pk": 93, "fields": {"category": 2, "name": "Rainbow Bobbles", "description": "", "price": "1.00", "color": null, "flavour": null, "brand": null, "vegetarian": false, "rating": "3.00", "image": "Rainbow_Bobbles.webp"}}, {"model": "products.product", "pk": 94, "fields": {"category": 2, "name": "Rainbow Pencils", "description": "", "price": "1.00", "color": null, "flavour": null, "brand": null, "vegetarian": false, "rating": "4.00", "image": "Rainbow_Pencils.webp"}}, {"model": "products.product", "pk": 95, "fields": {"category": 2, "name": "Raspberry Bonbons", "description": "", "price": "1.00", "color": "Blue", "flavour": "Raspberry", "brand": null, "vegetarian": false, "rating": "4.00", "image": "Raspberry_Bonbons.webp"}}, {"model": "products.product", "pk": 96, "fields": {"category": 2, "name": "Red & Black Gums", "description": "", "price": "1.00", "color": "Red, Black", "flavour": null, "brand": null, "vegetarian": false, "rating": "3.00", "image": "Red__Black_Gums.webp"}}, {"model": "products.product", "pk": 97, "fields": {"category": 2, "name": "Red Lips", "description": "", "price": "1.00", "color": "Red", "flavour": null, "brand": "Kingsway", "vegetarian": false, "rating": "4.00", "image": "Red_Lips.webp"}}, {"model": "products.product", "pk": 98, "fields": {"category": 2, "name": "Refreshers", "description": "", "price": "1.00", "color": null, "flavour": null, "brand": null, "vegetarian": true, "rating": "5.00", "image": "Refreshers_V.webp"}}, {"model": "products.product", "pk": 99, "fields": {"category": 2, "name": "Rosey Apples", "description": "", "price": "1.00", "color": null, "flavour": null, "brand": "Maxons", "vegetarian": false, "rating": "4.00", "image": "Rosey_Apples.webp"}}, {"model": "products.product", "pk": 100, "fields": {"category": 2, "name": "Sherbert Lemons", "description": "", "price": "1.00", "color": "Yellow", "flavour": "Lemon", "brand": null, "vegetarian": false, "rating": "3.00", "image": "Sherbert_Lemons.webp"}}, {"model": "products.product", "pk": 101, "fields": {"category": 2, "name": "Soft Rhubarb & Custards", "description": "", "price": "1.00", "color": null, "flavour": null, "brand": "Haribo", "vegetarian": false, "rating": "4.00", "image": "Soft_Rhubarb__Custards.webp"}}, {"model": "products.product", "pk": 102, "fields": {"category": 2, "name": "Sour Apples", "description": "", "price": "1.00", "color": null, "flavour": null, "brand": null, "vegetarian": true, "rating": "4.00", "image": "Sour_Apples_V.webp"}}, {"model": "products.product", "pk": 103, "fields": {"category": 2, "name": "Sour Dummies", "description": "", "price": "1.00", "color": null, "flavour": null, "brand": "Kingsway", "vegetarian": true, "rating": "4.00", "image": "Sour_Dummies_V.webp"}}, {"model": "products.product", "pk": 104, "fields": {"category": 2, "name": "Sour Glow Worms", "description": "", "price": "1.00", "color": "Rainbow", "flavour": "Fruit", "brand": "Trolli", "vegetarian": false, "rating": "3.00", "image": "Sour_Glow_Worms.webp"}}, {"model": "products.product", "pk": 105, "fields": {"category": 2, "name": "Sour Pencils", "description": "", "price": "1.00", "color": "Red", "flavour": null, "brand": null, "vegetarian": true, "rating": "5.00", "image": "Sour_Pencils_V.webp"}}, {"model": "products.product", "pk": 106, "fields": {"category": 2, "name": "Sour Rainbow Bites", "description": "", "price": "1.00", "color": "Rainbow", "flavour": "Orange", "brand": "Vidal", "vegetarian": false, "rating": "4.00", "image": "Sour_Rainbow_Bites.webp"}}, {"model": "products.product", "pk": 107, "fields": {"category": 2, "name": "Space Mix", "description": "", "price": "1.00", "color": "Assorted", "flavour": "Fruit", "brand": "Kingsway", "vegetarian": true, "rating": "3.00", "image": "Space_Mix_V.webp"}}, {"model": "products.product", "pk": 108, "fields": {"category": 2, "name": "Spearmint Chews", "description": "", "price": "1.00", "color": "White", "flavour": "Mint", "brand": "Brays", "vegetarian": false, "rating": "4.00", "image": "Spearmint_Chews.webp"}}, {"model": "products.product", "pk": 109, "fields": {"category": 2, "name": "Spinning Tops", "description": "", "price": "1.00", "color": "White", "flavour": null, "brand": null, "vegetarian": false, "rating": "4.00", "image": "Spinning_Tops.webp"}}, {"model": "products.product", "pk": 110, "fields": {"category": 2, "name": "Strawberry Bonbons", "description": "", "price": "1.00", "color": "Pink", "flavour": "Strawberry", "brand": "Kingsway", "vegetarian": false, "rating": "3.00", "image": "Strawberry_Bonbons.webp"}}, {"model": "products.product", "pk": 111, "fields": {"category": 2, "name": "Strawberry Planks", "description": "", "price": "1.00", "color": "Pink", "flavour": "Strawberry", "brand": null, "vegetarian": false, "rating": "5.00", "image": "Strawberry_Planks.webp"}}, {"model": "products.product", "pk": 112, "fields": {"category": 2, "name": "Strawberry Twist Kisses", "description": "", "price": "1.00", "color": "Red, White", "flavour": "Strawberry", "brand": "Kingsway", "vegetarian": false, "rating": "3.00", "image": "Strawberry_Twist_Kisses.webp"}}, {"model": "products.product", "pk": 113, "fields": {"category": 2, "name": "Teddies", "description": "", "price": "1.00", "color": "Assorted", "flavour": null, "brand": null, "vegetarian": true, "rating": "5.00", "image": "Teddies_V.webp"}}, {"model": "products.product", "pk": 114, "fields": {"category": 2, "name": "Terrific Turtles", "description": "", "price": "1.00", "color": "Green", "flavour": null, "brand": "Haribo", "vegetarian": false, "rating": "2.00", "image": "Terrific_Turtles.webp"}}, {"model": "products.product", "pk": 115, "fields": {"category": 2, "name": "Toffee Bonbons", "description": "", "price": "1.00", "color": "White", "flavour": "Toffee", "brand": "Kingsway", "vegetarian": false, "rating": "2.00", "image": "Toffee_Bonbons.webp"}}, {"model": "products.product", "pk": 116, "fields": {"category": 2, "name": "Toffee Crumble", "description": "", "price": "1.00", "color": "Brown", "flavour": "Toffee", "brand": "Sweet Dreams", "vegetarian": false, "rating": "2.00", "image": "Toffee_Crumble.webp"}}, {"model": "products.product", "pk": 117, "fields": {"category": 2, "name": "Tongue Painters", "description": "", "price": "1.00", "color": "Assorted", "flavour": "Fruit", "brand": "Kingsway", "vegetarian": true, "rating": "3.00", "image": "Tongue_Painters_V.webp"}}, {"model": "products.product", "pk": 118, "fields": {"category": 2, "name": "Twin Cherries", "description": "", "price": "1.00", "color": "Red", "flavour": "Cherry", "brand": "Kingsway", "vegetarian": false, "rating": "4.00", "image": "Twin_Cherries.webp"}}, {"model": "products.product", "pk": 119, "fields": {"category": 3, "name": "White Chocolate Fish & Chips", "description": "", "price": "1.00", "color": "White", "flavour": "Chocolate", "brand": "Hannah's", "vegetarian": false, "rating": "3.00", "image": "White_Chocolate_Fish__Chips.webp"}}, {"model": "products.product", "pk": 120, "fields": {"category": 3, "name": "White Chocolate Jazzles", "description": "", "price": "1.00", "color": "White", "flavour": "Chocolate", "brand": "Hannah's", "vegetarian": true, "rating": "3.00", "image": "White_Chocolate_Jazzies_V.webp"}}, {"model": "products.product", "pk": 121, "fields": {"category": 3, "name": "White Chocolate Mice", "description": "", "price": "1.00", "color": "White", "flavour": "Chocolate", "brand": "Hannah's", "vegetarian": false, "rating": "3.00", "image": "White_Chocolate_Mice_V.webp"}}, {"model": "products.product", "pk": 122, "fields": {"category": 2, "name": "Wine Gums", "description": "", "price": "1.00", "color": "Assorted", "flavour": null, "brand": "Maynards", "vegetarian": false, "rating": "3.00", "image": "Wine_Gums.webp"}}, {"model": "products.product", "pk": 123, "fields": {"category": 2, "name": "Yellow Bellie Snake", "description": "", "price": "1.00", "color": "Yellow", "flavour": null, "brand": "Haribo", "vegetarian": false, "rating": "2.00", "image": "Yellow_Bellie_Snakes.webp"}}, {"model": "products.product", "pk": 124, "fields": {"category": 2, "name": "Yellow Mallows", "description": "Sugar coated marshmallows which are yellow, these marshmallows are soft and fluffy inside.", "price": "0.95", "color": "Yellow", "flavour": "Lemon", "brand": "Kingsway", "vegetarian": false, "rating": "4.00", "image": "Yellow_Mallows.webp"}}]